{
  "camera_id": 0,
  "img_width": 1280,
  "img_height": 720,
  "camera_matrix": [
    [774.9392152415969, 0, 643.0307927258535],
    [0, 773.6718975958094, 352.51593212302777],
    [0, 0, 1]
  ],
  "distortion_coefficients": [
    0.12481468408677297,
    -0.23165962190353037,
    0.00021030890147502866,
    -0.001475363245282226,
    0.09390448228860798
  ]
}